<TextureAtlas imagePath="sprites.png">
	<SubTexture name="AimPoints.png" x="0" y="481" width="196" height="11"/>
	<SubTexture name="Background.png" x="0" y="0" width="800" height="481"/>
	<SubTexture name="BlockGlass_broken_size64_1.png" x="320" y="609" width="64" height="64"/>
	<SubTexture name="BlockGlass_broken_size64_2.png" x="128" y="684" width="64" height="35"/>
	<SubTexture name="BlockGlass_size64.png" x="192" y="620" width="64" height="64"/>
	<SubTexture name="BlockIron_broken_size64_1.png" x="192" y="492" width="64" height="64"/>
	<SubTexture name="BlockIron_broken_size64_2.png" x="384" y="673" width="64" height="64"/>
	<SubTexture name="BlockIron_size64.png" x="384" y="609" width="64" height="64"/>
	<SubTexture name="BlockStone_Beige_size16.png" x="97" y="783" width="17" height="16"/>
	<SubTexture name="BlockStone_Beige_size32.png" x="631" y="731" width="32" height="32"/>
	<SubTexture name="BlockStone_Beige_size64.png" x="384" y="545" width="64" height="64"/>
	<SubTexture name="BlockStone_Brown_size16.png" x="46" y="783" width="17" height="16"/>
	<SubTexture name="BlockStone_Brown_size32.png" x="631" y="699" width="32" height="32"/>
	<SubTexture name="BlockStone_Brown_size64.png" x="320" y="673" width="64" height="64"/>
	<SubTexture name="BlockWood_beige_size16.png" x="63" y="783" width="17" height="16"/>
	<SubTexture name="BlockWood_beige_size32.png" x="598" y="758" width="33" height="33"/>
	<SubTexture name="BlockWood_beige_size64.png" x="320" y="481" width="64" height="64"/>
	<SubTexture name="BlockWood_brown_size16.png" x="80" y="783" width="17" height="16"/>
	<SubTexture name="BlockWood_brown_size32.png" x="607" y="545" width="33" height="33"/>
	<SubTexture name="BlockWood_brown_size64.png" x="384" y="481" width="64" height="64"/>
	<SubTexture name="BrokenBeigeCrate_size32.png" x="598" y="699" width="33" height="33"/>
	<SubTexture name="BrokenBeigeStone_size32.png" x="639" y="578" width="32" height="32"/>
	<SubTexture name="BrokenBlock_brown1.png" x="669" y="540" width="28" height="36"/>
	<SubTexture name="BrokenBloke_Glass1.png" x="23" y="780" width="23" height="20"/>
	<SubTexture name="BrokenBloke_Glass2.png" x="664" y="634" width="29" height="35"/>
	<SubTexture name="BrokenBloke_Glass3.png" x="640" y="545" width="29" height="32"/>
	<SubTexture name="BrokenBloke_Glass4.png" x="573" y="609" width="33" height="26"/>
	<SubTexture name="BrokenBloke_beige1.png" x="0" y="780" width="23" height="20"/>
	<SubTexture name="BrokenBloke_beige2.png" x="663" y="699" width="29" height="32"/>
	<SubTexture name="BrokenBloke_beige3.png" x="649" y="481" width="29" height="35"/>
	<SubTexture name="BrokenBloke_beige4.png" x="606" y="609" width="33" height="26"/>
	<SubTexture name="BrokenBloke_brown2.png" x="565" y="780" width="23" height="20"/>
	<SubTexture name="BrokenBloke_brown3.png" x="598" y="732" width="33" height="26"/>
	<SubTexture name="BrokenBloke_brown4.png" x="663" y="731" width="29" height="32"/>
	<SubTexture name="BrokenBrownCrate_size32.png" x="565" y="747" width="33" height="33"/>
	<SubTexture name="BrokenBrownStone_size32.png" x="631" y="763" width="32" height="32"/>
	<SubTexture name="BrokenCrate_beige1.png" x="664" y="669" width="24" height="26"/>
	<SubTexture name="BrokenCrate_beige2.png" x="639" y="610" width="29" height="24"/>
	<SubTexture name="BrokenCrate_beige3.png" x="663" y="763" width="29" height="28"/>
	<SubTexture name="BrokenCrate_beige4.png" x="668" y="610" width="24" height="24"/>
	<SubTexture name="BrokenCrate_brown1.png" x="607" y="578" width="29" height="28"/>
	<SubTexture name="BrokenCrate_brown2.png" x="573" y="635" width="24" height="26"/>
	<SubTexture name="BrokenCrate_brown3.png" x="649" y="516" width="29" height="24"/>
	<SubTexture name="BrokenCrate_brown4.png" x="671" y="576" width="23" height="24"/>
	<SubTexture name="BrokenStone_beige_size64_1.png" x="320" y="545" width="64" height="64"/>
	<SubTexture name="BrokenStone_beige_size64_2.png" x="448" y="545" width="62" height="64"/>
	<SubTexture name="BrokenStone_brown_size64_1.png" x="256" y="673" width="64" height="64"/>
	<SubTexture name="BrokenStone_brown_size64_2.png" x="448" y="481" width="63" height="64"/>
	<SubTexture name="BrokenWood_beige_size64_1.png" x="256" y="481" width="64" height="64"/>
	<SubTexture name="BrokenWood_beige_size64_2.png" x="192" y="684" width="64" height="64"/>
	<SubTexture name="BrokenWood_brown_size64_1.png" x="192" y="556" width="64" height="64"/>
	<SubTexture name="BrokenWood_brown_size64_2.png" x="256" y="609" width="64" height="64"/>
	<SubTexture name="CatBeige.png" x="548" y="481" width="34" height="36"/>
	<SubTexture name="CatBeige_Injured.png" x="530" y="697" width="34" height="36"/>
	<SubTexture name="CatBrown.png" x="528" y="749" width="37" height="42"/>
	<SubTexture name="CatBrown_Injured.png" x="511" y="481" width="37" height="42"/>
	<SubTexture name="CatGray.png" x="486" y="749" width="42" height="49"/>
	<SubTexture name="CatGray_Injured.png" x="510" y="545" width="42" height="49"/>
	<SubTexture name="CatOrange.png" x="245" y="748" width="50" height="45"/>
	<SubTexture name="CatOrange_Injured.png" x="295" y="737" width="50" height="44"/>
	<SubTexture name="CatPatches.png" x="486" y="697" width="44" height="52"/>
	<SubTexture name="CatPatches_Injured.png" x="494" y="609" width="44" height="52"/>
	<SubTexture name="CatYellow.png" x="448" y="653" width="46" height="44"/>
	<SubTexture name="CatYellow_Injured.png" x="440" y="737" width="46" height="44"/>
	<SubTexture name="Cload1.png" x="192" y="748" width="53" height="44"/>
	<SubTexture name="Cload2.png" x="494" y="661" width="44" height="36"/>
	<SubTexture name="Cload3.png" x="548" y="517" width="34" height="28"/>
	<SubTexture name="Cload4.png" x="387" y="777" width="27" height="23"/>
	<SubTexture name="DogBig.png" x="448" y="609" width="46" height="44"/>
	<SubTexture name="DogBig_Injured.png" x="393" y="737" width="47" height="40"/>
	<SubTexture name="DogSmall.png" x="448" y="697" width="34" height="33"/>
	<SubTexture name="DogSmall_Injured.png" x="345" y="766" width="42" height="30"/>
	<SubTexture name="Gound_grass1.png" x="256" y="545" width="64" height="64"/>
	<SubTexture name="Ground_Mud1.png" x="0" y="556" width="64" height="64"/>
	<SubTexture name="Ground_Mud2.png" x="0" y="492" width="64" height="64"/>
	<SubTexture name="Ground_dirt1.png" x="128" y="492" width="64" height="64"/>
	<SubTexture name="Ground_dirt2.png" x="64" y="684" width="64" height="64"/>
	<SubTexture name="Ground_dirtBow.png" x="64" y="620" width="64" height="64"/>
	<SubTexture name="Ground_dirtBow1.png" x="64" y="556" width="64" height="64"/>
	<SubTexture name="Ground_dirtMud1.png" x="128" y="620" width="64" height="64"/>
	<SubTexture name="Ground_dirtMud2.png" x="128" y="556" width="64" height="64"/>
	<SubTexture name="Ground_grass2.png" x="0" y="620" width="64" height="64"/>
	<SubTexture name="Ground_grassDirt1.png" x="64" y="492" width="64" height="64"/>
	<SubTexture name="Ground_grassDirt2.png" x="0" y="684" width="64" height="64"/>
	<SubTexture name="HalfBlock_beige_left.png" x="631" y="667" width="33" height="32"/>
	<SubTexture name="HalfBlock_beige_richt.png" x="616" y="513" width="33" height="32"/>
	<SubTexture name="HalfBlock_brown_left.png" x="631" y="635" width="33" height="32"/>
	<SubTexture name="HalfBlock_brown_richt.png" x="616" y="481" width="33" height="32"/>
	<SubTexture name="SmallCrateStandLie_beige.png" x="128" y="751" width="64" height="32"/>
	<SubTexture name="SmallCrateStandLie_beige_broken.png" x="128" y="719" width="64" height="32"/>
	<SubTexture name="SmallCrateStandLie_brown.png" x="64" y="748" width="64" height="32"/>
	<SubTexture name="SmallCrateStandLie_brown_broken.png" x="0" y="748" width="64" height="32"/>
	<SubTexture name="SmallCrateStandStanding_beige.png" x="582" y="481" width="34" height="64"/>
	<SubTexture name="SmallCrateStandStanding_beige_broken.png" x="598" y="635" width="33" height="64"/>
	<SubTexture name="SmallCrateStandStanding_brown_broken.png" x="564" y="683" width="34" height="64"/>
	<SubTexture name="SmallCrateStanding_brown.png" x="573" y="545" width="34" height="64"/>
	<SubTexture name="StickBeige_brokenDown_size128.png" x="698" y="481" width="11" height="78"/>
	<SubTexture name="StickBeige_brokenDown_size64.png" x="692" y="735" width="12" height="39"/>
	<SubTexture name="StickBeige_brokenUp_size128.png" x="726" y="740" width="11" height="58"/>
	<SubTexture name="StickBeige_brokenUp_size64.png" x="688" y="669" width="12" height="30"/>
	<SubTexture name="StickBeige_size128.png" x="704" y="662" width="11" height="129"/>
	<SubTexture name="StickBeige_size64.png" x="726" y="610" width="11" height="65"/>
	<SubTexture name="StickBrown_brokenDown_size128.png" x="715" y="550" width="11" height="73"/>
	<SubTexture name="StickBrown_brokenDown_size64.png" x="704" y="624" width="11" height="38"/>
	<SubTexture name="StickBrown_brokenUp_size128.png" x="737" y="481" width="11" height="61"/>
	<SubTexture name="StickBrown_brokenUp_size64.png" x="737" y="542" width="11" height="33"/>
	<SubTexture name="StickBrown_size128.png" x="715" y="623" width="11" height="129"/>
	<SubTexture name="StickBrown_size64.png" x="693" y="600" width="11" height="65"/>
	<SubTexture name="StickGlass_brokenDown_size128.png" x="748" y="481" width="11" height="70"/>
	<SubTexture name="StickGlass_brokenDown_size64.png" x="748" y="613" width="11" height="32"/>
	<SubTexture name="StickGlass_brokenUp_size128.png" x="748" y="551" width="11" height="62"/>
	<SubTexture name="StickGlass_brokenUp_size64.png" x="715" y="752" width="11" height="38"/>
	<SubTexture name="StickGlass_size128.png" x="726" y="481" width="11" height="129"/>
	<SubTexture name="StickGlass_size64.png" x="704" y="559" width="11" height="65"/>
	<SubTexture name="StickIron_brokenDown_size128.png" x="709" y="481" width="11" height="69"/>
	<SubTexture name="StickIron_brokenDown_size64.png" x="692" y="699" width="12" height="36"/>
	<SubTexture name="StickIron_brokenUp_size128.png" x="726" y="675" width="11" height="65"/>
	<SubTexture name="StickIron_brokenUp_size64.png" x="552" y="545" width="12" height="33"/>
	<SubTexture name="StickIron_size128.png" x="737" y="575" width="11" height="129"/>
	<SubTexture name="StickIron_size64.png" x="737" y="704" width="11" height="65"/>
	<SubTexture name="slingshotBack.png" x="678" y="481" width="20" height="52"/>
	<SubTexture name="slingshotBand.png" x="345" y="737" width="48" height="29"/>
	<SubTexture name="slingshotFront.png" x="538" y="594" width="35" height="89"/>
</TextureAtlas>